{
  "home": {
    "x": 2.0676140457053274,
    "y": -1.6167926651927078,
    "theta": 1.5411525323057622
  },
  "robot_park": {
    "x": -2.764625737344466,
    "y": 5.327712224790827,
    "theta": 1.684563974060048
  },
  "maker_space": {
    "x": -15.413087600206092,
    "y": 4.265111313143736,
    "theta": -1.2850886311016334
  },
  "truck_loading": {
    "x": 9.339856287752088,
    "y": 11.037903435495783,
    "theta": 2.23587480488316
  },
  "pack_station": {
    "x": 9.317362132598896,
    "y": 17.025413075947263,
    "theta": 1.8860603062880177
  },
  "charge_dock": {
    "x": 4.4231075722098065,
    "y": -3.123406299353186,
    "theta": -0.6229574560766054
  },
  "test_spot": {
    "x": -3.274239907991001,
    "y": -8.346898993057497,
    "theta": 2.56116551710593
  },
  "lab_exit": {
    "x": -12.556748466220444,
    "y": -4.744689757515902,
    "theta": 2.38841320378399
  },
  "humanoids": {
    "x": -8.165266756536823,
    "y": 0.2641213864521572,
    "theta": -0.4046056443760233
  }
}