{
    "office_desk": {
    "x": -9.074376360846783,
    "y": -31.171198136390352,
    "theta": 2.5865288598617173
  },
  "plants": {
    "x": -4.8847062127382905,
    "y": -31.298571154763145,
    "theta": -0.004985688453505118
  },
  "bathrooms": {
    "x": 0.9343653338892635,
    "y": -25.044475239216357,
    "theta": -1.0004500269671894
  },
  "cafeteria_snacks": {
    "x": -4.912406360522178,
    "y": -8.97590287983407,
    "theta": 1.1154587416836426
  },
  "home": {
    "x": 7.553145878209582,
    "y": 1.0237014376386568,
    "theta": 2.6297652553108937
  }

}