{
  "cafeteria_snacks": {
    "x": -16.732648136774106,
    "y": 21.639699757214096,
    "theta": -1.908827306478996
  },
  "bathroom": {
    "x": -35.14081631023966,
    "y": 25.80404378058882,
    "theta": 2.6849638569170926
  },
  "office_desks": {
    "x": -35.21676946779553,
    "y": 37.70232569587802,
    "theta": 0.681881580664571
  },
  "room_zoey": {
    "x": -23.402715734058766,
    "y": 22.500677836141215,
    "theta": -2.017132721249814
  }
}